Solicitation Number,Solicitation Description,Purchasing Agency,Submission Ending Date/Time,Link to Solicitation
5400029494,Pond/Channel Sediment Removal @Dennis,Natural Resources,04/01/2026 10:00:00 AM,https://apps.sceis.sc.gov/SCSolicitationWeb/contractSearch.do?solicitnumber=5400029494
5400029470,District 4 Bridge Timbers,Transportation,04/02/2026 02:30:00 PM,https://apps.sceis.sc.gov/SCSolicitationWeb/contractSearch.do?solicitnumber=5400029470
5400029469,CHAINALYIS SS DETERMINATION,Corrections,03/09/2026 08:00:00 AM,https://apps.sceis.sc.gov/SCSolicitationWeb/contractSearch.do?solicitnumber=5400029469
5400029468,CHUGLAB SS DETERMINATION,Corrections,03/09/2026 08:00:00 AM,https://apps.sceis.sc.gov/SCSolicitationWeb/contractSearch.do?solicitnumber=5400029468
5400029467,Investigator Complaint Module,Consumer Affairs,03/18/2026 12:00:00 AM,https://apps.sceis.sc.gov/SCSolicitationWeb/contractSearch.do?solicitnumber=5400029467
5400029461,Two (2) Model T700U Dilution Calibrators,SC Dept. of Environmental Serv,04/08/2026 02:30:00 PM,https://apps.sceis.sc.gov/SCSolicitationWeb/contractSearch.do?solicitnumber=5400029461
5400029460,AMBIENT SURFACE WATER TESTING,SC Dept. of Environmental Serv,04/01/2026 02:30:00 PM,https://apps.sceis.sc.gov/SCSolicitationWeb/contractSearch.do?solicitnumber=5400029460
5400029459,Farm Equipment Lease - Combine & Headers,Corrections,03/24/2026 10:00:00 AM,https://apps.sceis.sc.gov/SCSolicitationWeb/contractSearch.do?solicitnumber=5400029459
5400029458,BATHHOUSE HVAC INSTALLATION,"Parks, Recreation & Tourism",03/12/2026 12:00:00 PM,https://apps.sceis.sc.gov/SCSolicitationWeb/contractSearch.do?solicitnumber=5400029458
5400029457,Pole and Netting Replacement,Corrections,03/19/2026 10:00:00 AM,https://apps.sceis.sc.gov/SCSolicitationWeb/contractSearch.do?solicitnumber=5400029457
5400029452,LEXINGTON BACKUP GENERATOR,Transportation,03/23/2026 02:30:00 PM,https://apps.sceis.sc.gov/SCSolicitationWeb/contractSearch.do?solicitnumber=5400029452
5400029450,CROP DOLOMITIC LIME & NITROGEN RE-BID,Corrections,03/12/2026 10:00:00 AM,https://apps.sceis.sc.gov/SCSolicitationWeb/contractSearch.do?solicitnumber=5400029450
5400029449,SLED CAMPER SHELLS,Law Enforcement Div,03/13/2026 10:00:00 AM,https://apps.sceis.sc.gov/SCSolicitationWeb/contractSearch.do?solicitnumber=5400029449
5400029448,SLED TRUCK VAULTS,Law Enforcement Div,03/13/2026 10:00:00 AM,https://apps.sceis.sc.gov/SCSolicitationWeb/contractSearch.do?solicitnumber=5400029448
5400029447,REMOTE CONTROL ELECTRIC HELICOPTER PAD,Law Enforcement Div,03/11/2026 10:00:00 AM,https://apps.sceis.sc.gov/SCSolicitationWeb/contractSearch.do?solicitnumber=5400029447
5400029444,TACO PUMP,Corrections,03/12/2026 10:00:00 AM,https://apps.sceis.sc.gov/SCSolicitationWeb/contractSearch.do?solicitnumber=5400029444
5400029438,IT CONSULTING SERVICES,Midlands Technical College,03/20/2026 10:00:00 AM,https://apps.sceis.sc.gov/SCSolicitationWeb/contractSearch.do?solicitnumber=5400029438
5400029437,Heavy Duty Winch Mount Pushbumpers,Transportation,03/23/2026 02:30:00 PM,https://apps.sceis.sc.gov/SCSolicitationWeb/contractSearch.do?solicitnumber=5400029437
5400029433,Rental of a Marsh Masters,Natural Resources,04/01/2026 10:00:00 AM,https://apps.sceis.sc.gov/SCSolicitationWeb/contractSearch.do?solicitnumber=5400029433
5400029431,Adobe License Renewal,Natural Resources,03/19/2026 10:00:00 AM,https://apps.sceis.sc.gov/SCSolicitationWeb/contractSearch.do?solicitnumber=5400029431
5400029430,GRIDDLE SCREENS,Corrections,03/12/2026 10:00:00 AM,https://apps.sceis.sc.gov/SCSolicitationWeb/contractSearch.do?solicitnumber=5400029430
5400029428,Pest Control Supplies,Corrections,03/05/2026 10:00:00 AM,https://apps.sceis.sc.gov/SCSolicitationWeb/contractSearch.do?solicitnumber=5400029428
5400029419,Grounds Maintenance Fort Mill WC,"Parks, Recreation & Tourism",03/18/2026 03:00:00 PM,https://apps.sceis.sc.gov/SCSolicitationWeb/contractSearch.do?solicitnumber=5400029419
5400029417,DISASTER TRANSPORTATION SERVICES,Materials Mgmt Ofc,03/30/2026 11:00:00 AM,https://apps.sceis.sc.gov/SCSolicitationWeb/contractSearch.do?solicitnumber=5400029417
5400029412,CULVERT REPAIR ON LONG CANE,Forestry Comm,03/05/2026 02:00:00 PM,https://apps.sceis.sc.gov/SCSolicitationWeb/contractSearch.do?solicitnumber=5400029412
5400029411,Asphalt Core Rig-Truck Mounted,Transportation,03/25/2026 02:30:00 PM,https://apps.sceis.sc.gov/SCSolicitationWeb/contractSearch.do?solicitnumber=5400029411
5400029409,Grounds Maintenance Blacksburg WC,"Parks, Recreation & Tourism",03/19/2026 12:00:00 PM,https://apps.sceis.sc.gov/SCSolicitationWeb/contractSearch.do?solicitnumber=5400029409
5400029408,Disptach Chairs,Forestry Comm,03/10/2026 02:00:00 PM,https://apps.sceis.sc.gov/SCSolicitationWeb/contractSearch.do?solicitnumber=5400029408
5400029407,Livestock Hoof Care,Corrections,03/17/2026 10:00:00 AM,https://apps.sceis.sc.gov/SCSolicitationWeb/contractSearch.do?solicitnumber=5400029407
5400029405,"Provide&Deliver 1.5"" granite crusher run",Natural Resources,03/11/2026 10:00:00 AM,https://apps.sceis.sc.gov/SCSolicitationWeb/contractSearch.do?solicitnumber=5400029405
5400029401,2026 Hurricane Guide,Adjutant General,03/06/2026 10:00:00 AM,https://apps.sceis.sc.gov/SCSolicitationWeb/contractSearch.do?solicitnumber=5400029401
5400029400,WUI Mastication- Long Cane,Forestry Comm,03/04/2026 02:00:00 PM,https://apps.sceis.sc.gov/SCSolicitationWeb/contractSearch.do?solicitnumber=5400029400
5400029399,2 YR POLYETHYLENE BRINE TANK PURCHASE-D1,Transportation,03/12/2026 02:30:00 PM,https://apps.sceis.sc.gov/SCSolicitationWeb/contractSearch.do?solicitnumber=5400029399
5400029398,OSL - AREA DOSIMETER BADGES,Corrections,03/05/2026 10:00:00 AM,https://apps.sceis.sc.gov/SCSolicitationWeb/contractSearch.do?solicitnumber=5400029398
5400029394,LODGE RFQ,Law Enforcement Div,03/05/2026 10:00:00 AM,https://apps.sceis.sc.gov/SCSolicitationWeb/contractSearch.do?solicitnumber=5400029394
5400029391,MICROSOFT UNIFIED SUPPORT SERVICES,Transportation,04/02/2026 02:30:00 PM,https://apps.sceis.sc.gov/SCSolicitationWeb/contractSearch.do?solicitnumber=5400029391
5400029390,STC Online Reverse Auction Services,Materials Mgmt Ofc,04/06/2026 11:00:00 AM,https://apps.sceis.sc.gov/SCSolicitationWeb/contractSearch.do?solicitnumber=5400029390
5400029377,CHANNEL MONSTER GRINDER,Corrections,03/10/2026 10:00:00 AM,https://apps.sceis.sc.gov/SCSolicitationWeb/contractSearch.do?solicitnumber=5400029377
5400029376,AMBULANCE COT,Corrections,03/04/2026 10:45:00 AM,https://apps.sceis.sc.gov/SCSolicitationWeb/contractSearch.do?solicitnumber=5400029376
5400029374,HELICOPTER UPGRADE,Materials Mgmt Ofc,03/24/2026 11:00:00 AM,https://apps.sceis.sc.gov/SCSolicitationWeb/contractSearch.do?solicitnumber=5400029374
5400029373,JANITORIAL/CUSODIAL SERVICES FOR USC COL,Materials Mgmt Ofc,04/06/2026 11:00:00 AM,https://apps.sceis.sc.gov/SCSolicitationWeb/contractSearch.do?solicitnumber=5400029373
5400029372,REMOVE & REPLACE 2 ROOFS AT DONNELLY,Natural Resources,03/17/2026 10:00:00 AM,https://apps.sceis.sc.gov/SCSolicitationWeb/contractSearch.do?solicitnumber=5400029372
5400029371,REMOVE & REPLACE ROOF AT BOTANY BAY,Natural Resources,03/10/2026 10:00:00 AM,https://apps.sceis.sc.gov/SCSolicitationWeb/contractSearch.do?solicitnumber=5400029371
5400029362,Vending Services,Materials Mgmt Ofc,04/09/2026 11:00:00 AM,https://apps.sceis.sc.gov/SCSolicitationWeb/contractSearch.do?solicitnumber=5400029362
5400029357,EMERGENCY POWER SUPPLY MAINTENANCE,MUSC,04/02/2026 11:00:00 AM,https://apps.sceis.sc.gov/SCSolicitationWeb/contractSearch.do?solicitnumber=5400029357
5400029346,*AGENCYWIDE ON-CALL SWEEPING,Transportation,03/19/2026 02:30:00 PM,https://apps.sceis.sc.gov/SCSolicitationWeb/contractSearch.do?solicitnumber=5400029346
5400029344,AGENCY ALERT SYSTEM,Dept. of Public Health,03/12/2026 02:30:00 PM,https://apps.sceis.sc.gov/SCSolicitationWeb/contractSearch.do?solicitnumber=5400029344
5400029342,SaaS Data Warehousing and Data Analytics,Materials Mgmt Ofc,03/24/2026 11:00:00 AM,https://apps.sceis.sc.gov/SCSolicitationWeb/contractSearch.do?solicitnumber=5400029342
5400029332,GOOGLE MAPS PLATFORM,Transportation,03/17/2026 02:30:00 PM,https://apps.sceis.sc.gov/SCSolicitationWeb/contractSearch.do?solicitnumber=5400029332
5400029326,SCDJJ PIEDMONT AMI KIDS GENERATOR,Juvenile Justice,04/15/2026 11:00:00 AM,https://apps.sceis.sc.gov/SCSolicitationWeb/contractSearch.do?solicitnumber=5400029326
5400029323,SCDA ACRE CONSULTING SERVICES,Agriculture,03/20/2026 03:00:00 PM,https://apps.sceis.sc.gov/SCSolicitationWeb/contractSearch.do?solicitnumber=5400029323
5400029320,Diversion Database,Materials Mgmt Ofc,05/13/2026 11:00:00 AM,https://apps.sceis.sc.gov/SCSolicitationWeb/contractSearch.do?solicitnumber=5400029320
5400029313,SCDJJ MEDC TREE REMOVAL,Materials Mgmt Ofc,03/25/2026 11:00:00 AM,https://apps.sceis.sc.gov/SCSolicitationWeb/contractSearch.do?solicitnumber=5400029313
5400029309,STC ATHLETIC UNIF & EQUIP & ACCESS,Materials Mgmt Ofc,10/11/2029 11:00:00 AM,https://apps.sceis.sc.gov/SCSolicitationWeb/contractSearch.do?solicitnumber=5400029309
5400029308,Vending Services,Materials Mgmt Ofc,04/02/2026 11:00:00 AM,https://apps.sceis.sc.gov/SCSolicitationWeb/contractSearch.do?solicitnumber=5400029308
5400029306,*ON CALL TREE REMOVAL SPARTANBURG,Transportation,03/10/2026 02:30:00 PM,https://apps.sceis.sc.gov/SCSolicitationWeb/contractSearch.do?solicitnumber=5400029306
5400029303,Turn-key Service for Radon in Air Analys,SC Dept. of Environmental Serv,03/18/2026 02:30:00 PM,https://apps.sceis.sc.gov/SCSolicitationWeb/contractSearch.do?solicitnumber=5400029303
5400029299,TRACKED VEHICLE CARRIER,Forestry Comm,03/06/2026 02:00:00 PM,https://apps.sceis.sc.gov/SCSolicitationWeb/contractSearch.do?solicitnumber=5400029299
5400029293,LECTURE CAPTURE SOFTWARE,MUSC,03/17/2026 11:00:00 AM,https://apps.sceis.sc.gov/SCSolicitationWeb/contractSearch.do?solicitnumber=5400029293
5400029292,RE-BID: D3 BRIDGE VARIOUS STEEL SHAPES,Transportation,03/04/2026 02:30:00 PM,https://apps.sceis.sc.gov/SCSolicitationWeb/contractSearch.do?solicitnumber=5400029292
5400029290,BHDD WATER HEATERS,Mental Health,03/04/2026 04:00:00 PM,https://apps.sceis.sc.gov/SCSolicitationWeb/contractSearch.do?solicitnumber=5400029290
5400029286,SCDJJ TEEN AFTER-SCHOOL CENTERS (TASC),Materials Mgmt Ofc,06/10/2026 11:00:00 AM,https://apps.sceis.sc.gov/SCSolicitationWeb/contractSearch.do?solicitnumber=5400029286
5400029285,*FULL DEPTH PATCHING MCCORMICK,Transportation,03/04/2026 07:45:00 AM,https://apps.sceis.sc.gov/SCSolicitationWeb/contractSearch.do?solicitnumber=5400029285
5400029283,6040i X-Ray Software update and Maint.,Materials Mgmt Ofc,03/24/2026 11:00:00 AM,https://apps.sceis.sc.gov/SCSolicitationWeb/contractSearch.do?solicitnumber=5400029283
5400029265,STATEWIDE BRIDGE ACCESS EQUIPMENT RENTAL,Transportation,03/30/2026 02:30:00 PM,https://apps.sceis.sc.gov/SCSolicitationWeb/contractSearch.do?solicitnumber=5400029265
5400029255,SUPPORT SERVICES FOR MICROSOFT PRODUCTS,Materials Mgmt Ofc,03/18/2026 11:00:00 AM,https://apps.sceis.sc.gov/SCSolicitationWeb/contractSearch.do?solicitnumber=5400029255
5400029243,MaxxForce DT Drop In 270 HP Engine,Corrections,03/05/2026 10:00:00 AM,https://apps.sceis.sc.gov/SCSolicitationWeb/contractSearch.do?solicitnumber=5400029243
5400029238,IN-SITU SERVICE CONTRACT,SC Dept. of Environmental Serv,03/04/2026 02:30:00 PM,https://apps.sceis.sc.gov/SCSolicitationWeb/contractSearch.do?solicitnumber=5400029238
5400029216,STC FOR AIRPORT VEGETATION MANAGEMENT,Materials Mgmt Ofc,03/16/2026 11:00:00 AM,https://apps.sceis.sc.gov/SCSolicitationWeb/contractSearch.do?solicitnumber=5400029216
5400029200,COPY OF 5400027123 YOUTH HAIRCARE SERVIC,Juvenile Justice,04/21/2029 11:00:00 AM,https://apps.sceis.sc.gov/SCSolicitationWeb/contractSearch.do?solicitnumber=5400029200
5400029195,STC FOR EDUCATIONAL SUPPLIES,Materials Mgmt Ofc,04/08/2030 05:00:00 PM,https://apps.sceis.sc.gov/SCSolicitationWeb/contractSearch.do?solicitnumber=5400029195
5400029186,Bookstore Operations,Midlands Technical College,03/16/2026 02:00:00 PM,https://apps.sceis.sc.gov/SCSolicitationWeb/contractSearch.do?solicitnumber=5400029186
5400029171,STC FOR TIRES,Materials Mgmt Ofc,03/15/2030 11:00:00 AM,https://apps.sceis.sc.gov/SCSolicitationWeb/contractSearch.do?solicitnumber=5400029171
5400029150,"STC FOR SCHOOL BUSES, TYPE C& D",Materials Mgmt Ofc,03/11/2026 11:00:00 AM,https://apps.sceis.sc.gov/SCSolicitationWeb/contractSearch.do?solicitnumber=5400029150
5400029143,LAB ANALYSIS,Materials Mgmt Ofc,03/05/2026 11:00:00 AM,https://apps.sceis.sc.gov/SCSolicitationWeb/contractSearch.do?solicitnumber=5400029143
5400029126,"TOWER, ROOFTOP, ANTENNA MANGT. & LEASING",Materials Mgmt Ofc,04/06/2026 11:00:00 AM,https://apps.sceis.sc.gov/SCSolicitationWeb/contractSearch.do?solicitnumber=5400029126
5400029091,TRAFFIC DATA SERVICES WIM/CCS,Transportation,03/10/2026 02:30:00 PM,https://apps.sceis.sc.gov/SCSolicitationWeb/contractSearch.do?solicitnumber=5400029091
5400029088,SCTC ROBOTICS,Materials Mgmt Ofc,03/09/2026 11:00:00 AM,https://apps.sceis.sc.gov/SCSolicitationWeb/contractSearch.do?solicitnumber=5400029088
5400029046,STC BIOMETRIC TIME KEEPING,Materials Mgmt Ofc,03/04/2026 11:00:00 AM,https://apps.sceis.sc.gov/SCSolicitationWeb/contractSearch.do?solicitnumber=5400029046
5400029043,AMIKIDS GEORGETOWN SIDING INSTALLATION,Juvenile Justice,03/17/2026 11:00:00 AM,https://apps.sceis.sc.gov/SCSolicitationWeb/contractSearch.do?solicitnumber=5400029043
5400029038,STC JOC - JOB ORDER CONTRACT,Materials Mgmt Ofc,03/09/2026 11:00:00 AM,https://apps.sceis.sc.gov/SCSolicitationWeb/contractSearch.do?solicitnumber=5400029038
5400029017,REAGENT KITS & EQUIPMENT,Materials Mgmt Ofc,04/09/2026 11:00:00 AM,https://apps.sceis.sc.gov/SCSolicitationWeb/contractSearch.do?solicitnumber=5400029017
5400029010,INMATE PSYCHOLOGICAL EVALUATIONS,"Probation, Parole and Pardon",06/17/2030 12:00:00 AM,https://apps.sceis.sc.gov/SCSolicitationWeb/contractSearch.do?solicitnumber=5400029010
5400028914,TRANSITIONAL HOUSING_PPP,Materials Mgmt Ofc,07/10/2030 11:00:00 AM,https://apps.sceis.sc.gov/SCSolicitationWeb/contractSearch.do?solicitnumber=5400028914
5400028910,Custom Built Vehicle for Mobile Lab,Tech and Comp Ed,03/19/2026 10:00:00 AM,https://apps.sceis.sc.gov/SCSolicitationWeb/contractSearch.do?solicitnumber=5400028910
5400028904,DOT ITS SOFTWARE,Materials Mgmt Ofc,03/06/2026 11:00:00 AM,https://apps.sceis.sc.gov/SCSolicitationWeb/contractSearch.do?solicitnumber=5400028904
5400028892,BOOKSTORE MANAGEMENT,Materials Mgmt Ofc,03/23/2026 11:00:00 AM,https://apps.sceis.sc.gov/SCSolicitationWeb/contractSearch.do?solicitnumber=5400028892
5400028828,GRANT WRITING AND EVALUATION SERVICES,Mental Health,05/31/2030 03:00:00 PM,https://apps.sceis.sc.gov/SCSolicitationWeb/contractSearch.do?solicitnumber=5400028828
5400028800,NEXT-GENERATION 911,Materials Mgmt Ofc,03/16/2026 11:00:00 AM,https://apps.sceis.sc.gov/SCSolicitationWeb/contractSearch.do?solicitnumber=5400028800
5400028782,UEDC FAIR FOREST HVAC REPLACEMENT,Juvenile Justice,03/04/2026 04:00:00 PM,https://apps.sceis.sc.gov/SCSolicitationWeb/contractSearch.do?solicitnumber=5400028782
5400028678,Unclaimed Property Identity Verification,Materials Mgmt Ofc,03/20/2026 11:00:00 AM,https://apps.sceis.sc.gov/SCSolicitationWeb/contractSearch.do?solicitnumber=5400028678
5400028664,AMERICAN SIGN LANGUAGE (ASL),Materials Mgmt Ofc,11/12/2030 11:00:00 AM,https://apps.sceis.sc.gov/SCSolicitationWeb/contractSearch.do?solicitnumber=5400028664
5400028661,STC AUDIO VISUAL PRODUCTS AND SERVICES,Materials Mgmt Ofc,05/03/2029 11:00:00 AM,https://apps.sceis.sc.gov/SCSolicitationWeb/contractSearch.do?solicitnumber=5400028661
5400028654,PPDA MANAGED IT SUPPORT,Materials Mgmt Ofc,03/23/2026 11:00:00 AM,https://apps.sceis.sc.gov/SCSolicitationWeb/contractSearch.do?solicitnumber=5400028654
5400028536,STC MARKETING SERVICES,Materials Mgmt Ofc,12/06/2027 11:00:00 AM,https://apps.sceis.sc.gov/SCSolicitationWeb/contractSearch.do?solicitnumber=5400028536
5400028529,FIXED PRICE BID --FOR HIRE OBSERVER,Natural Resources,07/01/2028 10:00:00 AM,https://apps.sceis.sc.gov/SCSolicitationWeb/contractSearch.do?solicitnumber=5400028529
5400028488,STC TEMPORARY PERSONNEL SERVICES,Materials Mgmt Ofc,03/20/2028 11:00:00 AM,https://apps.sceis.sc.gov/SCSolicitationWeb/contractSearch.do?solicitnumber=5400028488
5400028478,STC EMERGENCY CLEAN UP AND RESTORATION,Materials Mgmt Ofc,09/25/2029 11:00:00 AM,https://apps.sceis.sc.gov/SCSolicitationWeb/contractSearch.do?solicitnumber=5400028478
5400028457,SMALL SOFTWARE APPLICATION DEVELOPMENT,Materials Mgmt Ofc,05/16/2029 11:00:00 AM,https://apps.sceis.sc.gov/SCSolicitationWeb/contractSearch.do?solicitnumber=5400028457
5400028145,SC HOUSING RENT COMPARIBILITY STUDY,Materials Mgmt Ofc,08/16/2028 05:15:00 PM,https://apps.sceis.sc.gov/SCSolicitationWeb/contractSearch.do?solicitnumber=5400028145
5400028129,WEB-BASED SOFTWARE FOR SC HOUSING,Materials Mgmt Ofc,03/04/2026 03:45:00 PM,https://apps.sceis.sc.gov/SCSolicitationWeb/contractSearch.do?solicitnumber=5400028129
5400028028,TRANSPORTATION SERVICES - DSS,Materials Mgmt Ofc,07/02/2029 11:00:00 AM,https://apps.sceis.sc.gov/SCSolicitationWeb/contractSearch.do?solicitnumber=5400028028
5400027985,CRCF FOR PATIENTS @ HIGH RISK FOR HOSP,Mental Health,10/10/2029 05:00:00 PM,https://apps.sceis.sc.gov/SCSolicitationWeb/contractSearch.do?solicitnumber=5400027985
5400027975,REQUEST FOR FCC APPROVED CIS PROVIDERS,Materials Mgmt Ofc,04/24/2030 11:00:00 AM,https://apps.sceis.sc.gov/SCSolicitationWeb/contractSearch.do?solicitnumber=5400027975
5400027950,RELATIVITY SOFTWARE AND EDISCOVERY,Materials Mgmt Ofc,03/18/2026 11:00:00 AM,https://apps.sceis.sc.gov/SCSolicitationWeb/contractSearch.do?solicitnumber=5400027950
5400027918,EVENT RENTAL EQUIPMENT AND SUPPLIES,Gov School for Science & Math,03/04/2027 12:00:00 AM,https://apps.sceis.sc.gov/SCSolicitationWeb/contractSearch.do?solicitnumber=5400027918
5400027907,THIRD PARTY CONSULTING,Materials Mgmt Ofc,08/01/2028 11:00:00 AM,https://apps.sceis.sc.gov/SCSolicitationWeb/contractSearch.do?solicitnumber=5400027907
5400027837,STARLINK INSTALLATION SERVICES,Materials Mgmt Ofc,12/01/2028 11:00:00 AM,https://apps.sceis.sc.gov/SCSolicitationWeb/contractSearch.do?solicitnumber=5400027837
5400027795,PARENT ADVISOR SERVICES,Materials Mgmt Ofc,09/03/2029 11:00:00 PM,https://apps.sceis.sc.gov/SCSolicitationWeb/contractSearch.do?solicitnumber=5400027795
5400027605,APS TEMPORARY STABILIZATION BEDS,Social Services,02/02/2030 02:00:00 PM,https://apps.sceis.sc.gov/SCSolicitationWeb/contractSearch.do?solicitnumber=5400027605
5400027292,QUALIFIED INSTRUCTORS FOR TRAINING,Materials Mgmt Ofc,06/01/2029 11:00:00 AM,https://apps.sceis.sc.gov/SCSolicitationWeb/contractSearch.do?solicitnumber=5400027292
5400027291,ADVISORY & ADVOCACY SERVICES AS NEEDED,SC State University,12/12/2028 11:00:00 AM,https://apps.sceis.sc.gov/SCSolicitationWeb/contractSearch.do?solicitnumber=5400027291
5400027281,STATE VEHICLE BODY REPAIRS,Materials Mgmt Ofc,03/03/2028 11:00:00 AM,https://apps.sceis.sc.gov/SCSolicitationWeb/contractSearch.do?solicitnumber=5400027281
5400027275,MAINTENANCE AND REPAIR OF STATE VEHICLES,Materials Mgmt Ofc,06/15/2027 11:00:00 PM,https://apps.sceis.sc.gov/SCSolicitationWeb/contractSearch.do?solicitnumber=5400027275
5400027172,PRE-ETS AUTISM SERVICES WITH ASD,Materials Mgmt Ofc,02/01/2027 11:00:00 AM,https://apps.sceis.sc.gov/SCSolicitationWeb/contractSearch.do?solicitnumber=5400027172
5400027157,STC BUILDING INSPECTION SERVICES,Materials Mgmt Ofc,12/15/2027 11:00:00 AM,https://apps.sceis.sc.gov/SCSolicitationWeb/contractSearch.do?solicitnumber=5400027157
5400026997,MODERATE GROUP CARE FOR FOSTER CHILDREN,Materials Mgmt Ofc,08/01/2027 11:00:00 AM,https://apps.sceis.sc.gov/SCSolicitationWeb/contractSearch.do?solicitnumber=5400026997
5400026996,ENHANCED GROUP CARE FOR FOSTER CHILDREN,Materials Mgmt Ofc,07/01/2027 11:00:00 AM,https://apps.sceis.sc.gov/SCSolicitationWeb/contractSearch.do?solicitnumber=5400026996
5400026980,STC FOR VEHICLES,Materials Mgmt Ofc,09/01/2026 05:00:00 PM,https://apps.sceis.sc.gov/SCSolicitationWeb/contractSearch.do?solicitnumber=5400026980
5400026866,HEARING OFFICER,Housing Authority,06/16/2028 02:30:00 PM,https://apps.sceis.sc.gov/SCSolicitationWeb/contractSearch.do?solicitnumber=5400026866
5400026773,STC HIGH INTENSITY TUTORING SERVICES,Materials Mgmt Ofc,07/14/2029 12:00:00 AM,https://apps.sceis.sc.gov/SCSolicitationWeb/contractSearch.do?solicitnumber=5400026773
5400026739,ASSESSMENT CONVERSION SERVICES ORDA,Education,05/29/2026 01:00:00 PM,https://apps.sceis.sc.gov/SCSolicitationWeb/contractSearch.do?solicitnumber=5400026739
5400026677,FILM SCOUT SERVICES,"Parks, Recreation & Tourism",04/23/2029 03:30:00 PM,https://apps.sceis.sc.gov/SCSolicitationWeb/contractSearch.do?solicitnumber=5400026677
5400026676,ENHANCED CRCF NURSING HOME BEDS,Mental Health,04/28/2028 03:00:00 PM,https://apps.sceis.sc.gov/SCSolicitationWeb/contractSearch.do?solicitnumber=5400026676
5400026631,CRCF OLMSTEAD FUNDING,Mental Health,10/31/2028 03:00:00 PM,https://apps.sceis.sc.gov/SCSolicitationWeb/contractSearch.do?solicitnumber=5400026631
5400026610,DJJ TEEN AFTER-SCHOOL CENTERS (TASC),Materials Mgmt Ofc,06/10/2028 11:00:00 AM,https://apps.sceis.sc.gov/SCSolicitationWeb/contractSearch.do?solicitnumber=5400026610
5400026592,STC TEMPORARY MEDICAL SERVICES,Materials Mgmt Ofc,11/17/2029 11:00:00 AM,https://apps.sceis.sc.gov/SCSolicitationWeb/contractSearch.do?solicitnumber=5400026592
5400026519,SUPPLEMENTARY SECURITY GUARD SERVICES,SC State University,12/01/2026 11:00:00 AM,https://apps.sceis.sc.gov/SCSolicitationWeb/contractSearch.do?solicitnumber=5400026519
5400026507,PRE-ETS AUTISM SERVICES WITH ASD,Materials Mgmt Ofc,01/31/2027 02:00:00 PM,https://apps.sceis.sc.gov/SCSolicitationWeb/contractSearch.do?solicitnumber=5400026507
5400026429,"ASBESTOS,LEAD PAINT,MOLD COLLECT&TESTING",Materials Mgmt Ofc,05/19/2029 11:00:00 AM,https://apps.sceis.sc.gov/SCSolicitationWeb/contractSearch.do?solicitnumber=5400026429
5400026331,BOAT SLIIP PERMIT CONTRACT,"Parks, Recreation & Tourism",04/23/2029 03:30:00 PM,https://apps.sceis.sc.gov/SCSolicitationWeb/contractSearch.do?solicitnumber=5400026331
5400026254,TRACEABLE TEMPORARY LICENSE PLATES,Motor Vehicles,02/28/2028 10:00:00 AM,https://apps.sceis.sc.gov/SCSolicitationWeb/contractSearch.do?solicitnumber=5400026254
5400026173,FAMILY RESOURCE AND PRESERVATION  SERVIC,Materials Mgmt Ofc,06/01/2027 11:00:00 AM,https://apps.sceis.sc.gov/SCSolicitationWeb/contractSearch.do?solicitnumber=5400026173
5400025904,PCAS AND CNAS FOR CHILDREN IN DSS CARE,Materials Mgmt Ofc,06/01/2028 11:00:00 AM,https://apps.sceis.sc.gov/SCSolicitationWeb/contractSearch.do?solicitnumber=5400025904
5400025777,STC - HP - POLY VIDEO CONFERENCING EQUIP,Materials Mgmt Ofc,12/27/2028 11:00:00 AM,https://apps.sceis.sc.gov/SCSolicitationWeb/contractSearch.do?solicitnumber=5400025777
5400025740,RESIDENTIAL SERVICES FOR CHILDREN,Materials Mgmt Ofc,03/20/2028 11:00:00 AM,https://apps.sceis.sc.gov/SCSolicitationWeb/contractSearch.do?solicitnumber=5400025740
5400025679,DOMESTIC VIOLENCE AND SUBSTANCE ABUSE SE,Materials Mgmt Ofc,04/01/2028 11:00:00 AM,https://apps.sceis.sc.gov/SCSolicitationWeb/contractSearch.do?solicitnumber=5400025679
5400025616,STC TRAFFIC CONTROL DEVICES,Materials Mgmt Ofc,09/16/2027 11:00:00 AM,https://apps.sceis.sc.gov/SCSolicitationWeb/contractSearch.do?solicitnumber=5400025616
5400025580,SC HOUSING CONSULTING SERVICES,Housing Authority,08/08/2026 03:30:00 PM,https://apps.sceis.sc.gov/SCSolicitationWeb/contractSearch.do?solicitnumber=5400025580
5400025575,INTERPRETER SERVICES FOR DEAF AND HARD..,Mental Health,06/30/2028 03:00:00 PM,https://apps.sceis.sc.gov/SCSolicitationWeb/contractSearch.do?solicitnumber=5400025575
5400025374,QUALIFIED RESIDENTIAL TREATMENT PROGRAM,Social Services,08/23/2028 02:00:00 PM,https://apps.sceis.sc.gov/SCSolicitationWeb/contractSearch.do?solicitnumber=5400025374
5400025277,STC LAW ENFORCEMENT PSYCH EVALUATIONS,Materials Mgmt Ofc,03/31/2027 11:00:00 AM,https://apps.sceis.sc.gov/SCSolicitationWeb/contractSearch.do?solicitnumber=5400025277
5400025249,SCDPPPS SEX OFFENDER TREATMENT,"Probation, Parole and Pardon",05/01/2028 09:30:00 AM,https://apps.sceis.sc.gov/SCSolicitationWeb/contractSearch.do?solicitnumber=5400025249
5400025040,GRANT EVALUATION SERVICES,Tech and Comp Ed,04/24/2026 10:00:00 AM,https://apps.sceis.sc.gov/SCSolicitationWeb/contractSearch.do?solicitnumber=5400025040
5400025001,SECONDARY CLEANING SERVICES,Materials Mgmt Ofc,01/13/2027 11:00:00 AM,https://apps.sceis.sc.gov/SCSolicitationWeb/contractSearch.do?solicitnumber=5400025001
5400024992,STC- IT TEMPORARY STAFF AUGMENTATION SVS,Materials Mgmt Ofc,02/01/2028 04:30:00 PM,https://apps.sceis.sc.gov/SCSolicitationWeb/contractSearch.do?solicitnumber=5400024992
5400024833,FPB AGILE TEAM SUPPORT  FOR MES,Health and Human Svcs,10/17/2027 04:15:00 PM,https://apps.sceis.sc.gov/SCSolicitationWeb/contractSearch.do?solicitnumber=5400024833
5400024832,ORACLE PEOPLESOFT CONSULTANT SERVICES,Materials Mgmt Ofc,02/15/2028 11:00:00 AM,https://apps.sceis.sc.gov/SCSolicitationWeb/contractSearch.do?solicitnumber=5400024832
5400024609,QUALIFIED PROVIDERS LIHTC MARKET STUDIES,Housing Authority,01/23/2027 10:00:00 AM,https://apps.sceis.sc.gov/SCSolicitationWeb/contractSearch.do?solicitnumber=5400024609
5400024561,FPB -ONLINE PROCTORING SERVICES,Tech and Comp Ed,10/11/2027 04:45:00 PM,https://apps.sceis.sc.gov/SCSolicitationWeb/contractSearch.do?solicitnumber=5400024561
5400024252,ELLUCIAN ERP IT CONSULTANTS,Materials Mgmt Ofc,12/31/2027 11:00:00 AM,https://apps.sceis.sc.gov/SCSolicitationWeb/contractSearch.do?solicitnumber=5400024252
5400024199,STC AUTOMOTIVE PARTS,Materials Mgmt Ofc,12/01/2026 11:00:00 AM,https://apps.sceis.sc.gov/SCSolicitationWeb/contractSearch.do?solicitnumber=5400024199
5400023893,COMMUNITY HOUSING DEVELOPMENT SERVICES,Materials Mgmt Ofc,02/01/2027 11:00:00 AM,https://apps.sceis.sc.gov/SCSolicitationWeb/contractSearch.do?solicitnumber=5400023893
5400023891,EXAMINATIONS OF INSURANCE COMPANIES,Materials Mgmt Ofc,10/05/2026 11:00:00 AM,https://apps.sceis.sc.gov/SCSolicitationWeb/contractSearch.do?solicitnumber=5400023891
5400023768,AMERICAN SIGN LANGUAGE INTERPRETERS,Social Services,09/19/2027 02:00:00 PM,https://apps.sceis.sc.gov/SCSolicitationWeb/contractSearch.do?solicitnumber=5400023768
5400023720,PROPERTY AND CASUALTY CLAIMS ADJUSTERS,Materials Mgmt Ofc,09/24/2026 11:00:00 AM,https://apps.sceis.sc.gov/SCSolicitationWeb/contractSearch.do?solicitnumber=5400023720
5400023597,HOSPITAL INPATIENT BED DAYS,Mental Health,07/14/2027 03:00:00 PM,https://apps.sceis.sc.gov/SCSolicitationWeb/contractSearch.do?solicitnumber=5400023597
5400023482,STC DEBT COLLECTION SERVICES,Materials Mgmt Ofc,09/14/2026 11:00:00 AM,https://apps.sceis.sc.gov/SCSolicitationWeb/contractSearch.do?solicitnumber=5400023482
5400023441,STC PALO ALTO PRODUCTS & SERVICES,Materials Mgmt Ofc,06/18/2026 11:00:00 AM,https://apps.sceis.sc.gov/SCSolicitationWeb/contractSearch.do?solicitnumber=5400023441
5400023390,EXAMINATIONS OF INSURANCE COMPANIES,Materials Mgmt Ofc,08/02/2027 11:00:00 AM,https://apps.sceis.sc.gov/SCSolicitationWeb/contractSearch.do?solicitnumber=5400023390
5400023347,BILLBOARDS (PANEL AND DIGITAL),Materials Mgmt Ofc,06/29/2026 11:00:00 AM,https://apps.sceis.sc.gov/SCSolicitationWeb/contractSearch.do?solicitnumber=5400023347
5400023299,FOSTER/ADOPTION ASSESSMENT SERVICES,Materials Mgmt Ofc,10/04/2027 11:00:00 AM,https://apps.sceis.sc.gov/SCSolicitationWeb/contractSearch.do?solicitnumber=5400023299
5400023278,THIRD PARTY CONSULTING SERVICES,Materials Mgmt Ofc,12/18/2026 11:00:00 AM,https://apps.sceis.sc.gov/SCSolicitationWeb/contractSearch.do?solicitnumber=5400023278
5400023190,MEDICAID DATA CONSULTING SERVICES,Health and Human Svcs,12/06/2026 11:00:00 AM,https://apps.sceis.sc.gov/SCSolicitationWeb/contractSearch.do?solicitnumber=5400023190
5400023180,IN-STATE/ OUT-OF-STATE PROCESS SERVICE,Materials Mgmt Ofc,02/16/2027 11:00:00 AM,https://apps.sceis.sc.gov/SCSolicitationWeb/contractSearch.do?solicitnumber=5400023180
5400022913,FPB HEARING OFFICERS,Health and Human Svcs,10/12/2026 11:00:00 AM,https://apps.sceis.sc.gov/SCSolicitationWeb/contractSearch.do?solicitnumber=5400022913
5400022864,LINEN AND LAUNDRY SERVICES,Materials Mgmt Ofc,12/18/2026 11:00:00 AM,https://apps.sceis.sc.gov/SCSolicitationWeb/contractSearch.do?solicitnumber=5400022864
5400022814,FPB   WHOLESALE SEAFOOD DEALERS,Natural Resources,03/16/2027 10:00:00 AM,https://apps.sceis.sc.gov/SCSolicitationWeb/contractSearch.do?solicitnumber=5400022814
5400022806,VIRTUAL SOFTWARE TRAINING,Materials Mgmt Ofc,11/18/2026 11:00:00 AM,https://apps.sceis.sc.gov/SCSolicitationWeb/contractSearch.do?solicitnumber=5400022806
5400022783,"VOIP, CALL CENTER, AND IVR SERVICES",DTO,09/28/2028 11:00:00 AM,https://apps.sceis.sc.gov/SCSolicitationWeb/contractSearch.do?solicitnumber=5400022783
5400022763,TOWING SERVICES FOR SCDE BUS SHOPS,Education,04/05/2027 11:00:00 AM,https://apps.sceis.sc.gov/SCSolicitationWeb/contractSearch.do?solicitnumber=5400022763
5400022592,TELECOMMUNICATIONS-BROADBAND CONSULTING,Materials Mgmt Ofc,01/27/2027 11:00:00 AM,https://apps.sceis.sc.gov/SCSolicitationWeb/contractSearch.do?solicitnumber=5400022592
5400022579,AGING SERVICES INFORMATION SYSTEM (ASIS),Materials Mgmt Ofc,04/11/2030 05:00:00 PM,https://apps.sceis.sc.gov/SCSolicitationWeb/contractSearch.do?solicitnumber=5400022579
5400022052,HOMESHARE RESIDENTIAL SERVICES,Materials Mgmt Ofc,06/30/2026 11:00:00 AM,https://apps.sceis.sc.gov/SCSolicitationWeb/contractSearch.do?solicitnumber=5400022052
5400021452,DSS STATE VEHICLES CAR WASH,Social Services,06/01/2026 05:00:00 PM,https://apps.sceis.sc.gov/SCSolicitationWeb/contractSearch.do?solicitnumber=5400021452
5400020814,PRODUCTION CREW FOR FILM/TELEVSION.,Materials Mgmt Ofc,05/23/2026 12:15:00 PM,https://apps.sceis.sc.gov/SCSolicitationWeb/contractSearch.do?solicitnumber=5400020814
5400020743,PARI SERVICES,Materials Mgmt Ofc,06/30/2026 11:00:00 AM,https://apps.sceis.sc.gov/SCSolicitationWeb/contractSearch.do?solicitnumber=5400020743
5400020720,UNDERWRITING REVIEWS FOR SC HOUSING MORT,Housing Authority,09/03/2027 03:00:00 PM,https://apps.sceis.sc.gov/SCSolicitationWeb/contractSearch.do?solicitnumber=5400020720
5400019475,EVENT GROUNDS MAINT-ARSENAL HILL-REBID,"Parks, Recreation & Tourism",04/20/2099 02:00:00 PM,https://apps.sceis.sc.gov/SCSolicitationWeb/contractSearch.do?solicitnumber=5400019475
5400019471,SOIL INJECTION HERBICIDE APPL.-CHERAW SP,"Parks, Recreation & Tourism",04/20/2099 02:00:00 PM,https://apps.sceis.sc.gov/SCSolicitationWeb/contractSearch.do?solicitnumber=5400019471
5400019196,DIRECT SUPPORT PROFESSIONALS,Materials Mgmt Ofc,03/21/2026 11:00:00 AM,https://apps.sceis.sc.gov/SCSolicitationWeb/contractSearch.do?solicitnumber=5400019196
5400018991,ALLIGATOR CONTROL AGENTS,Natural Resources,05/04/2026 10:00:00 AM,https://apps.sceis.sc.gov/SCSolicitationWeb/contractSearch.do?solicitnumber=5400018991
5400016158,APPLYING HERBICIDE TREATMENT,Midlands Technical College,09/12/2199 11:00:00 AM,https://apps.sceis.sc.gov/SCSolicitationWeb/contractSearch.do?solicitnumber=5400016158
5400014145,CAKE MIX,Corrections,11/26/2201 01:00:00 PM,https://apps.sceis.sc.gov/SCSolicitationWeb/contractSearch.do?solicitnumber=5400014145
5400007145,Mixing Valves (LF w/ Therm) - McCormick,Corrections,01/14/2201 10:45:00 AM,https://apps.sceis.sc.gov/SCSolicitationWeb/contractSearch.do?solicitnumber=5400007145
